Offer,Lander,Country,Conversions as Counted for Conversion Cap,Conversion Cap,Visits,Clicks,Conversions,Revenue,Cost,Profit,CPV,CTR,CR,CV,ROI,EPV,EPC,AP,Errors
Global - CPL SMARTLINK BADOO,Direct linking,Turkey,,,213305,0,2,3,20.4263,-17.4263,0.0001,0,0,0.000009,-0.85313,0,0,1.5,0
Global - CPL SMARTLINK BADOO,Direct linking,Germany,,,171862,0,33,92.86,110.7242,-17.8642,0.0006,0,0,0.000192,-0.16134,0.0005,0,2.8139,0
Global - CPL SMARTLINK BADOO,Direct linking,United States,,,165793,0,31,82.5,109.2678,-26.7678,0.0007,0,0,0.000187,-0.244974,0.0005,0,2.6613,0
Global - CPL SMARTLINK BADOO,Direct linking,Italy,,,161862,0,14,39,86.1007,-47.1007,0.0005,0,0,0.000086,-0.547042,0.0002,0,2.7857,0
Global - CPL SMARTLINK BADOO,Direct linking,Japan,,,154838,0,14,11.5,109.179,-97.679,0.0007,0,0,0.00009,-0.894668,0.0001,0,0.8214,0
Global - CPL SMARTLINK BADOO (INDEX),Direct linking,Turkey,,,106415,0,0,0,10.8698,-10.8698,0.0001,0,0,0,-1,0,0,0,0
Global - CPL SMARTLINK BADOO,Direct linking,Spain,,,103248,0,10,30,53.477,-23.477,0.0005,0,0,0.000097,-0.439011,0.0003,0,3,0
Global - CPL SMARTLINK BADOO,Direct linking,South Korea,,,93648,0,19,27,43.4003,-16.4003,0.0005,0,0,0.000203,-0.377884,0.0003,0,1.4211,0
Global - CPL SMARTLINK BADOO,Direct linking,Netherlands,,,67054,0,18,28.5,43.5311,-15.0311,0.0006,0,0,0.000268,-0.345296,0.0004,0,1.5833,0
Global - CPL SMARTLINK BADOO,Direct linking,France,,,61098,0,7,18,28.8393,-10.8393,0.0005,0,0,0.000115,-0.375852,0.0003,0,2.5714,0
Global - CPL SMARTLINK BADOO (INDEX),Direct linking,Italy,,,60467,0,7,21,31.2179,-10.2179,0.0005,0,0,0.000116,-0.32731,0.0003,0,3,0
Global - CPL SMARTLINK BADOO,Direct linking,Serbia,,,59874,0,7,9,23.991,-14.991,0.0004,0,0,0.000117,-0.62486,0.0002,0,1.2857,0
Global - CPL SMARTLINK BADOO (INDEX),Direct linking,United States,,,59546,0,20,55.5,38.499,17.001,0.0006,0,0,0.000336,0.441597,0.0009,0,2.775,0
Global - CPL SMARTLINK BADOO,Direct linking,Singapore,,,50246,0,9,12,26.0481,-14.0481,0.0005,0,0,0.000179,-0.539313,0.0002,0,1.3333,0
Global - CPL SMARTLINK BADOO,Direct linking,United Kingdom,,,49906,0,8,20,26.505,-6.505,0.0005,0,0,0.00016,-0.245426,0.0004,0,2.5,0
Global - CPL SMARTLINK BADOO,Direct linking,Israel,,,48448,0,10,13.5,50.3066,-36.8066,0.001,0,0,0.000206,-0.731645,0.0003,0,1.35,0
Global - CPL SMARTLINK BADOO (INDEX),Direct linking,Spain,,,48302,0,6,18,22.4782,-4.4782,0.0005,0,0,0.000124,-0.199224,0.0004,0,3,0
Global - CPL SMARTLINK BADOO,Direct linking,Poland,,,48043,0,5,15,12.6791,2.3209,0.0003,0,0,0.000104,0.183053,0.0003,0,3,0
Global - CPL SMARTLINK BADOO (INDEX),Direct linking,South Korea,,,42946,0,9,13.5,20.3324,-6.8324,0.0005,0,0,0.00021,-0.336034,0.0003,0,1.5,0
Global - CPL SMARTLINK BADOO,Direct linking,Canada,,,38456,0,6,18,24.3027,-6.3027,0.0006,0,0,0.000156,-0.259341,0.0005,0,3,0
Global - CPL SMARTLINK BADOO,Direct linking,Greece,,,37864,0,3,3,36.3735,-33.3735,0.001,0,0,0.000079,-0.917522,0.0001,0,1,0
Global - CPL SMARTLINK BADOO (INDEX),Direct linking,Israel,,,37533,0,3,4.5,46.3164,-41.8164,0.0012,0,0,0.00008,-0.902842,0.0001,0,1.5,0
Global - CPL SMARTLINK BADOO (INDEX),Direct linking,Serbia,,,34251,0,3,4.5,13.4105,-8.9105,0.0004,0,0,0.000088,-0.664441,0.0001,0,1.5,0
Global - CPL SMARTLINK BADOO (INDEX),Direct linking,Netherlands,,,29096,0,8,12,19.9098,-7.9098,0.0007,0,0,0.000275,-0.397283,0.0004,0,1.5,0
Global - CPL SMARTLINK BADOO,Direct linking,Ireland,,,27888,0,4,4.5,14.2376,-9.7376,0.0005,0,0,0.000143,-0.683936,0.0002,0,1.125,0
Global - CPL SMARTLINK BADOO (INDEX),Direct linking,Poland,,,25983,0,5,15,6.4354,8.5646,0.0002,0,0,0.000192,1.330865,0.0006,0,3,0
Global - CPL SMARTLINK BADOO (INDEX),Direct linking,France,,,25779,0,2,6,10.7242,-4.7242,0.0004,0,0,0.000078,-0.440517,0.0002,0,3,0
Global - CPL SMARTLINK BADOO (INDEX),Direct linking,Singapore,,,25301,0,9,13,13.6976,-0.6976,0.0005,0,0,0.000356,-0.05093,0.0005,0,1.4444,0
Global - CPL SMARTLINK BADOO,Direct linking,Bulgaria,,,24609,0,9,13.5,12.0611,1.4389,0.0005,0,0,0.000366,0.119305,0.0005,0,1.5,0
Global - CPL SMARTLINK BADOO,Direct linking,Czech Republic,,,24363,0,0,0,7.2929,-7.2929,0.0003,0,0,0,-1,0,0,0,0
Global - CPL SMARTLINK BADOO,Direct linking,Chile,,,24224,0,8,20,4.5966,15.4034,0.0002,0,0,0.00033,3.351006,0.0008,0,2.5,0
Global - CPL SMARTLINK BADOO (INDEX),Direct linking,United Kingdom,,,22131,0,3,7.5,11.6626,-4.1626,0.0005,0,0,0.000136,-0.35692,0.0003,0,2.5,0
Global - CPL SMARTLINK BADOO,Direct linking,Belgium,,,20881,0,1,1.5,17.26,-15.76,0.0008,0,0,0.000048,-0.913094,0.0001,0,1.5,0
Global - CPL SMARTLINK BADOO,Direct linking,Portugal,,,19776,0,6,9,8.8274,0.1726,0.0004,0,0,0.000303,0.019547,0.0005,0,1.5,0
Global - CPL SMARTLINK BADOO,Direct linking,Slovakia,,,19632,0,0,0,8.0076,-8.0076,0.0004,0,0,0,-1,0,0,0,0
Global - CPL SMARTLINK BADOO,Direct linking,Hong Kong,,,18178,0,1,1.5,10.5483,-9.0483,0.0006,0,0,0.000055,-0.857798,0.0001,0,1.5,0
Global - CPL SMARTLINK BADOO,Direct linking,Australia,,,17898,0,3,4.5,10.1716,-5.6716,0.0006,0,0,0.000168,-0.557593,0.0003,0,1.5,0
Global - CPL SMARTLINK BADOO (INDEX),Direct linking,Canada,,,15727,0,2,6,9.9523,-3.9523,0.0006,0,0,0.000127,-0.397124,0.0004,0,3,0
Global - CPL SMARTLINK BADOO (INDEX),Direct linking,Bulgaria,,,15289,0,2,3,7.9345,-4.9345,0.0005,0,0,0.000131,-0.621904,0.0002,0,1.5,0
Global - CPL SMARTLINK BADOO (INDEX),Direct linking,Slovakia,,,14785,0,0,0,6.146,-6.146,0.0004,0,0,0,-1,0,0,0,0
Global - CPL SMARTLINK BADOO (INDEX),Direct linking,Chile,,,14612,0,3,7.5,2.3828,5.1172,0.0002,0,0,0.000205,2.147568,0.0005,0,2.5,0
Global - CPL SMARTLINK BADOO (INDEX),Direct linking,Ireland,,,13987,0,3,4.5,6.6114,-2.1114,0.0005,0,0,0.000214,-0.319361,0.0003,0,1.5,0
Global - CPL SMARTLINK BADOO,Direct linking,Switzerland,,,13698,0,0,0,14.5708,-14.5708,0.0011,0,0,0,-1,0,0,0,0
Global - CPL SMARTLINK BADOO (INDEX),Direct linking,Czech Republic,,,13270,0,3,7.5,3.5961,3.9039,0.0003,0,0,0.000226,1.0856,0.0006,0,2.5,0
Global - CPL SMARTLINK BADOO (INDEX),Direct linking,Greece,,,13084,0,1,1.5,12.3079,-10.8079,0.0009,0,0,0.000076,-0.878127,0.0001,0,1.5,0
Global - CPL SMARTLINK BADOO,Direct linking,Sweden,,,13062,0,1,1.5,7.8349,-6.3349,0.0006,0,0,0.000077,-0.808549,0.0001,0,1.5,0
Global - CPL POP 4  BADOO (pop),Direct linking,Spain,,,12422,0,2,6,6.2059,-0.2059,0.0005,0,0,0.000161,-0.033184,0.0005,0,3,0
Global - CPL POP 4  BADOO (pop),Direct linking,Bulgaria,,,12415,0,2,3,6.7454,-3.7454,0.0005,0,0,0.000161,-0.55525,0.0002,0,1.5,0
Global - CPL POP 4  BADOO (pop),Direct linking,Czech Republic,,,12369,0,8,20,2.0363,17.9637,0.0002,0,0,0.000647,8.821728,0.0016,0,2.5,0
Global - VISIT-X - Roulette  PU DE for RTT traffic,Direct linking,Germany,,,12332,0,0,0,8.102,-8.102,0.0007,0,0,0,-1,0,0,0,0
Global - CPL SMARTLINK BADOO,Direct linking,Puerto Rico,,,12137,0,0,0,5.6551,-5.6551,0.0005,0,0,0,-1,0,0,0,0
Global - CPL POP 4  BADOO (pop),Direct linking,Poland,,,11841,0,7,21,2.6791,18.3209,0.0002,0,0,0.000591,6.838315,0.0018,0,3,0
Global - CPL SMARTLINK BADOO,Direct linking,Hungary,,,11772,0,0,0,4.4623,-4.4623,0.0004,0,0,0,-1,0,0,0,0
Global - CPL POP 4  BADOO (pop),Direct linking,Chile,,,11181,0,8,20,2.4739,17.5261,0.0002,0,0,0.000715,7.084426,0.0018,0,2.5,0
Global - CPL POP 4  BADOO (pop),Direct linking,Hungary,,,10100,0,4,4.5,3.4885,1.0115,0.0003,0,0,0.000396,0.289947,0.0004,0,1.125,0
Global - CPL SMARTLINK BADOO,Direct linking,New Zealand,,,9060,0,2,3,5.6066,-2.6066,0.0006,0,0,0.000221,-0.46492,0.0003,0,1.5,0
Global - CPL SMARTLINK BADOO (INDEX),Direct linking,Portugal,,,8976,0,6,9,4.1066,4.8934,0.0005,0,0,0.000668,1.191581,0.001,0,1.5,0
Global - CPL SMARTLINK BADOO (INDEX),Direct linking,Germany,,,7920,0,1,1.5,5.0446,-3.5446,0.0006,0,0,0.000126,-0.702654,0.0002,0,1.5,0
Global - CPL SMARTLINK BADOO (INDEX),Direct linking,Australia,,,7803,0,2,3,4.3188,-1.3188,0.0006,0,0,0.000256,-0.305364,0.0004,0,1.5,0
Global - CPL SMARTLINK BADOO (INDEX),Direct linking,Hungary,,,7780,0,3,4.5,2.8788,1.6212,0.0004,0,0,0.000386,0.563131,0.0006,0,1.5,0
Global - CPL SMARTLINK BADOO,Direct linking,Austria,,,7771,0,2,3,6.2149,-3.2149,0.0008,0,0,0.000257,-0.517286,0.0004,0,1.5,0
Global - CPL SMARTLINK BADOO (INDEX),Direct linking,Belgium,,,7188,0,1,1.5,6.6806,-5.1806,0.0009,0,0,0.000139,-0.77547,0.0002,0,1.5,0
Global - CPL SMARTLINK BADOO,Direct linking,Norway,,,6771,0,0,0,3.7671,-3.7671,0.0006,0,0,0,-1,0,0,0,0
Global - CPL SMARTLINK BADOO (INDEX),Direct linking,Hong Kong,,,6719,0,0,0,4.0623,-4.0623,0.0006,0,0,0,-1,0,0,0,0
Global - CPL SMARTLINK BADOO,Direct linking,Slovenia,,,5968,0,2,3,3.4059,-0.4059,0.0006,0,0,0.000335,-0.119184,0.0005,0,1.5,0
Global - CPL SMARTLINK BADOO,Direct linking,Finland,,,5794,0,1,1.5,2.6525,-1.1525,0.0005,0,0,0.000173,-0.434489,0.0003,0,1.5,0
Global - CPL SMARTLINK BADOO (INDEX),Direct linking,Japan,,,5776,0,0,0,3.9395,-3.9395,0.0007,0,0,0,-1,0,0,0,0
Global - CPL SMARTLINK BADOO,Direct linking,Romania,,,5332,0,2,1.5,0.4987,1.0013,0.0001,0,0,0.000375,2.008005,0.0003,0,0.75,0
Global - CPL SMARTLINK BADOO (INDEX),Direct linking,Puerto Rico,,,5256,0,3,6,2.5942,3.4058,0.0005,0,0,0.000571,1.312862,0.0011,0,2,0
Global - CPL POP 4  BADOO (pop),Direct linking,Canada,,,5184,0,4,11.5,2.9525,8.5475,0.0006,0,0,0.000772,2.894953,0.0022,0,2.875,0
Global - CPL SMARTLINK BADOO (INDEX),Direct linking,Sweden,,,5048,0,1,2,3.4496,-1.4496,0.0007,0,0,0.000198,-0.420228,0.0004,0,2,0
Global - CPL POP 4  BADOO (pop),Direct linking,Portugal,,,5004,0,1,1.5,2.097,-0.597,0.0004,0,0,0.0002,-0.284682,0.0003,0,1.5,0
Global - CPL SMARTLINK BADOO,Direct linking,Denmark,,,4680,0,0,0,2.2486,-2.2486,0.0005,0,0,0,-1,0,0,0,0
Global - CPL SMARTLINK BADOO (INDEX),Direct linking,New Zealand,,,4452,0,0,0,2.8498,-2.8498,0.0006,0,0,0,-1,0,0,0,0
Global - CPL SMARTLINK BADOO (INDEX),Direct linking,Slovenia,,,4257,0,1,1.5,2.5047,-1.0047,0.0006,0,0,0.000235,-0.401118,0.0004,0,1.5,0
Global - CPL POP 4  BADOO (pop),Direct linking,Denmark,,,4110,0,1,1.5,5.4246,-3.9246,0.0013,0,0,0.000243,-0.72348,0.0004,0,1.5,0
Global - CPL SMARTLINK BADOO (INDEX),Direct linking,Switzerland,,,4086,0,0,0,4.6155,-4.6155,0.0011,0,0,0,-1,0,0,0,0
Global - CPL SMARTLINK BADOO (INDEX),Direct linking,Romania,,,4052,0,0,0,0.3618,-0.3618,0.0001,0,0,0,-1,0,0,0,0
Global - CPL SMARTLINK BADOO,Direct linking,Macao,,,3749,0,1,0,1.919,-1.919,0.0005,0,0,0.000267,-1,0,0,0,0
Global - CPL SMARTLINK BADOO (INDEX),Direct linking,Austria,,,3256,0,3,4.5,2.9527,1.5473,0.0009,0,0,0.000921,0.524006,0.0014,0,1.5,0
Global - CPL POP 4  BADOO (pop),Direct linking,Puerto Rico,,,3077,0,1,2,1.7887,0.2113,0.0006,0,0,0.000325,0.118128,0.0006,0,2,0
Global - CPL SMARTLINK BADOO (INDEX),Direct linking,Finland,,,2871,0,1,1.5,1.2991,0.2009,0.0005,0,0,0.000348,0.15466,0.0005,0,1.5,0
Global - CPL POP 4  BADOO (pop),Direct linking,Slovenia,,,2807,0,2,1.5,1.7567,-0.2567,0.0006,0,0,0.000713,-0.146144,0.0005,0,0.75,0
Global - CPL SMARTLINK BADOO (INDEX),Direct linking,Norway,,,2624,0,0,0,1.5943,-1.5943,0.0006,0,0,0,-1,0,0,0,0
Global - CPL POP 3  BADOO (pop),Direct linking,Bulgaria,,,2525,0,1,1.5,1.3848,0.1152,0.0005,0,0,0.000396,0.083158,0.0006,0,1.5,0
Global - CPL SMARTLINK BADOO (INDEX),Direct linking,Denmark,,,2258,0,0,0,1.2857,-1.2857,0.0006,0,0,0,-1,0,0,0,0
Global - CPL SMARTLINK BADOO,Direct linking,Malta,,,2255,0,0,0,1.3172,-1.3172,0.0006,0,0,0,-1,0,0,0,0
Global - CPL POP 3  BADOO (pop),Direct linking,Czech Republic,,,2112,0,1,2.5,0.2807,2.2193,0.0001,0,0,0.000473,7.905543,0.0012,0,2.5,0
Global - CPL SMARTLINK BADOO (INDEX),Direct linking,Macao,,,2016,0,0,0,1.0405,-1.0405,0.0005,0,0,0,-1,0,0,0,0
Global - CPL POP 3  BADOO (pop),Direct linking,Hungary,,,2003,0,1,0,0.6821,-0.6821,0.0003,0,0,0.000499,-1,0,0,0,0
Global - CPL POP 3  BADOO (pop),Direct linking,Spain,,,1995,0,0,0,0.9526,-0.9526,0.0005,0,0,0,-1,0,0,0,0
Global - CPL POP 4  BADOO (pop),Direct linking,Sweden,,,1975,0,2,4,1.0299,2.9701,0.0005,0,0,0.001013,2.88374,0.002,0,2,0
Global - CPL POP 3  BADOO (pop),Direct linking,Poland,,,1680,0,0,0,0.3388,-0.3388,0.0002,0,0,0,-1,0,0,0,0
Global - CPL SMARTLINK BADOO (INDEX),Direct linking,Malta,,,1583,0,0,0,0.9693,-0.9693,0.0006,0,0,0,-1,0,0,0,0
Global - CPL POP 4  BADOO (pop),Direct linking,Malta,,,1457,0,0,0,0.897,-0.897,0.0006,0,0,0,-1,0,0,0,0
Global - CPL POP 3  BADOO (pop),Direct linking,Chile,,,1346,0,1,2.5,0.3081,2.1919,0.0002,0,0,0.000743,7.114903,0.0019,0,2.5,0
Global - CPL POP 4  BADOO (pop),Direct linking,Macao,,,1337,0,0,0,0.636,-0.636,0.0005,0,0,0,-1,0,0,0,0
Global - CPL SMARTLINK BADOO,Direct linking,China,,,1272,0,0,0,0.8709,-0.8709,0.0007,0,0,0,-1,0,0,0,0
Global - CPL SMARTLINK BADOO,Direct linking,Luxembourg,,,1256,0,0,0,0.753,-0.753,0.0006,0,0,0,-1,0,0,0,0
Global - CPL POP 4  BADOO (pop),Direct linking,Ireland,,,1236,0,1,1.5,0.4264,1.0736,0.0003,0,0,0.000809,2.517451,0.0012,0,1.5,0
Global - CPL POP 4  BADOO (pop),Direct linking,New Zealand,,,1227,0,1,1.5,0.6599,0.8401,0.0005,0,0,0.000815,1.272946,0.0012,0,1.5,0
Global - CPL POP 4  BADOO (pop),Direct linking,Luxembourg,,,1211,0,0,0,0.7086,-0.7086,0.0006,0,0,0,-1,0,0,0,0
Global - BADOO Land variation,Direct linking,Hungary,,,1203,0,0,0,0.4018,-0.4018,0.0003,0,0,0,-1,0,0,0,0
Global - BADOO Land variation,Direct linking,Spain,,,1189,0,0,0,0.6269,-0.6269,0.0005,0,0,0,-1,0,0,0,0
Global - CPL POP 4  BADOO (pop),Direct linking,Austria,,,1145,0,1,0,0.6147,-0.6147,0.0005,0,0,0.000873,-1,0,0,0,0
Global - CPL POP 4  BADOO (pop),Direct linking,Finland,,,1120,0,0,0,0.4481,-0.4481,0.0004,0,0,0,-1,0,0,0,0
Global - BADOO Land variation,Direct linking,Bulgaria,,,1115,0,0,0,0.6211,-0.6211,0.0006,0,0,0,-1,0,0,0,0
Global - CPL SMARTLINK BADOO (INDEX),Direct linking,Luxembourg,,,1039,0,0,0,0.6366,-0.6366,0.0006,0,0,0,-1,0,0,0,0
clickdealer - Global - [US] [CA] [MOB] [52278] BADOO /US/CA,Direct linking,United States,,,1017,0,0,0,0.6543,-0.6543,0.0006,0,0,0,-1,0,0,0,0
Global - BADOO Land variation,Direct linking,Czech Republic,,,908,0,0,0,0.1255,-0.1255,0.0001,0,0,0,-1,0,0,0,0
Global - CPL POP 4  BADOO (pop),Direct linking,United States,,,892,0,0,0,0.3521,-0.3521,0.0004,0,0,0,-1,0,0,0,0
Global - CPL POP 3  BADOO (pop),Direct linking,Canada,,,824,0,0,0,0.4784,-0.4784,0.0006,0,0,0,-1,0,0,0,0
Global - BADOO Land variation,Direct linking,Poland,,,819,0,0,0,0.1464,-0.1464,0.0002,0,0,0,-1,0,0,0,0
Global - CPL SMARTLINK BADOO,Direct linking,Libya,,,808,0,0,0,0.3788,-0.3788,0.0005,0,0,0,-1,0,0,0,0
Global - CPL POP 3  BADOO (pop),Direct linking,Portugal,,,762,0,0,0,0.2939,-0.2939,0.0004,0,0,0,-1,0,0,0,0
Global - CPL POP 4  BADOO (pop),Direct linking,Romania,,,684,0,1,1.5,0.0423,1.4577,0.0001,0,0,0.001462,34.497889,0.0022,0,1.5,0
Global - VISIT-X - Roulette  PU DE for RTT traffic,Direct linking,Austria,,,672,0,0,0,0.4831,-0.4831,0.0007,0,0,0,-1,0,0,0,0
Global - CPL SMARTLINK BADOO,Direct linking,Iceland,,,634,0,0,0,0.3866,-0.3866,0.0006,0,0,0,-1,0,0,0,0
Global - CPL POP 3  BADOO (pop),Direct linking,Denmark,,,590,0,0,0,0.7032,-0.7032,0.0012,0,0,0,-1,0,0,0,0
Global - CPL POP 4  BADOO (pop),Direct linking,Iceland,,,569,0,0,0,0.3387,-0.3387,0.0006,0,0,0,-1,0,0,0,0
Global - CPL SMARTLINK BADOO,Direct linking,Cyprus,,,558,0,0,0,0.2857,-0.2857,0.0005,0,0,0,-1,0,0,0,0
Global - CPL SMARTLINK BADOO (INDEX),Direct linking,Iceland,,,549,0,0,0,0.3489,-0.3489,0.0006,0,0,0,-1,0,0,0,0
Global - CPL POP 3  BADOO (pop),Direct linking,Slovenia,,,534,0,0,0,0.3355,-0.3355,0.0006,0,0,0,-1,0,0,0,0
Global - CPL SMARTLINK BADOO,Direct linking,Uruguay,,,495,0,0,0,0.0321,-0.0321,0.0001,0,0,0,-1,0,0,0,0
Global - BADOO Land variation,Direct linking,Chile,,,493,0,0,0,0.1191,-0.1191,0.0002,0,0,0,-1,0,0,0,0
Global - CPL POP 4  BADOO (pop),Direct linking,Brazil,,,483,0,0,0,0.0447,-0.0447,0.0001,0,0,0,-1,0,0,0,0
Global - BADOO TOP ROOM,Direct linking,Bulgaria,,,474,0,0,0,0.2529,-0.2529,0.0005,0,0,0,-1,0,0,0,0
Global - CPL SMARTLINK BADOO,Direct linking,Brazil,,,457,0,1,1.5,0.0774,1.4226,0.0002,0,0,0.002188,18.373797,0.0033,0,1.5,0
Global - BADOO TOP ROOM,Direct linking,Spain,,,434,0,0,0,0.2145,-0.2145,0.0005,0,0,0,-1,0,0,0,0
Global - CPL SMARTLINK BADOO (INDEX),Direct linking,Uruguay,,,433,0,0,0,0.0262,-0.0262,0.0001,0,0,0,-1,0,0,0,0
Global - BADOO FREE TOKENS,Direct linking,Bulgaria,,,416,0,0,0,0.2256,-0.2256,0.0005,0,0,0,-1,0,0,0,0
Global - CPL SMARTLINK BADOO (INDEX),Direct linking,Brazil,,,412,0,0,0,0.034,-0.034,0.0001,0,0,0,-1,0,0,0,0
Global - CPL SMARTLINK BADOO (INDEX),Direct linking,China,,,408,0,0,0,0.2436,-0.2436,0.0006,0,0,0,-1,0,0,0,0
Global - BADOO FREE TOKENS,Direct linking,Spain,,,404,0,0,0,0.2048,-0.2048,0.0005,0,0,0,-1,0,0,0,0
Global - CPL POP 3  BADOO (pop),Direct linking,Puerto Rico,,,401,0,0,0,0.2358,-0.2358,0.0006,0,0,0,-1,0,0,0,0
Global - CPL SMARTLINK BADOO (INDEX),Direct linking,Cyprus,,,398,0,0,0,0.1835,-0.1835,0.0005,0,0,0,-1,0,0,0,0
Global - BADOO FREE TOKENS,Direct linking,Hungary,,,380,0,0,0,0.1263,-0.1263,0.0003,0,0,0,-1,0,0,0,0
Global - BADOO TOP ROOM,Direct linking,Hungary,,,376,0,0,0,0.1253,-0.1253,0.0003,0,0,0,-1,0,0,0,0
Global - BADOO Land variation,Direct linking,Canada,,,369,0,0,0,0.206,-0.206,0.0006,0,0,0,-1,0,0,0,0
Global - BADOO Land variation,Direct linking,Portugal,,,368,0,0,0,0.1135,-0.1135,0.0003,0,0,0,-1,0,0,0,0
Global - CPL SMARTLINK BADOO,Direct linking,Pakistan,,,356,0,0,0,0.2795,-0.2795,0.0008,0,0,0,-1,0,0,0,0
Global - CPL POP 4  BADOO (pop),Direct linking,Cyprus,,,349,0,1,0,0.182,-0.182,0.0005,0,0,0.002865,-1,0,0,0,0
Global - CPL SMARTLINK BADOO,Direct linking,Ukraine,,,344,0,0,0,0.2176,-0.2176,0.0006,0,0,0,-1,0,0,0,0
Global - BADOO TOP ROOM,Direct linking,Poland,,,332,0,0,0,0.0561,-0.0561,0.0002,0,0,0,-1,0,0,0,0
Global - CPL SMARTLINK BADOO,Direct linking,India,,,316,0,0,0,0.1755,-0.1755,0.0006,0,0,0,-1,0,0,0,0
Global - CPL POP 3  BADOO (pop),Direct linking,New Zealand,,,299,0,0,0,0.1537,-0.1537,0.0005,0,0,0,-1,0,0,0,0
Global - BADOO FREE TOKENS,Direct linking,Poland,,,294,0,0,0,0.0531,-0.0531,0.0002,0,0,0,-1,0,0,0,0
Global - CPL POP 4  BADOO (pop),Direct linking,Uruguay,,,293,0,0,0,0.0151,-0.0151,0.0001,0,0,0,-1,0,0,0,0
Global - CPL SMARTLINK BADOO,Direct linking,Lithuania,,,290,0,0,0,0.1153,-0.1153,0.0004,0,0,0,-1,0,0,0,0
Global - CPL POP 3  BADOO (pop),Direct linking,Sweden,,,285,0,0,0,0.1574,-0.1574,0.0006,0,0,0,-1,0,0,0,0
Global - BADOO Land variation,Direct linking,Denmark,,,282,0,0,0,0.3673,-0.3673,0.0013,0,0,0,-1,0,0,0,0
Global - CPL SMARTLINK BADOO (INDEX),Direct linking,Libya,,,274,0,0,0,0.1273,-0.1273,0.0005,0,0,0,-1,0,0,0,0
Global - CPL POP 3  BADOO (pop),Direct linking,Malta,,,273,0,0,0,0.1716,-0.1716,0.0006,0,0,0,-1,0,0,0,0
Global - BADOO FREE TOKENS,Direct linking,Czech Republic,,,268,0,0,0,0.0403,-0.0403,0.0002,0,0,0,-1,0,0,0,0
Global - CPL SMARTLINK BADOO,Direct linking,Indonesia,,,265,0,0,0,0.1631,-0.1631,0.0006,0,0,0,-1,0,0,0,0
Global - CPL SMARTLINK BADOO,Direct linking,Argentina,,,256,0,0,0,0.1939,-0.1939,0.0008,0,0,0,-1,0,0,0,0
Global - BADOO TOP ROOM,Direct linking,Czech Republic,,,248,0,0,0,0.0392,-0.0392,0.0002,0,0,0,-1,0,0,0,0
Global - CPL POP 3  BADOO (pop),Direct linking,Ireland,,,248,0,0,0,0.0883,-0.0883,0.0004,0,0,0,-1,0,0,0,0
Global - BADOO Land variation,Direct linking,Puerto Rico,,,241,0,0,0,0.1398,-0.1398,0.0006,0,0,0,-1,0,0,0,0
Global - CPL SMARTLINK BADOO,Direct linking,Syrian Arab Republic,,,229,0,0,0,0.1675,-0.1675,0.0007,0,0,0,-1,0,0,0,0
Global - CPL POP 3  BADOO (pop),Direct linking,Macao,,,227,0,0,0,0.1098,-0.1098,0.0005,0,0,0,-1,0,0,0,0
Global - BADOO Land variation,Direct linking,Slovenia,,,225,0,0,0,0.1415,-0.1415,0.0006,0,0,0,-1,0,0,0,0
Global - CPL SMARTLINK BADOO,Direct linking,Iraq,,,208,0,0,0,0.1025,-0.1025,0.0005,0,0,0,-1,0,0,0,0
Global - CPL POP 3  BADOO (pop),Direct linking,Austria,,,207,0,0,0,0.1345,-0.1345,0.0006,0,0,0,-1,0,0,0,0
Global - CPL POP 3  BADOO (pop),Direct linking,United States,,,197,0,0,0,0.0488,-0.0488,0.0002,0,0,0,-1,0,0,0,0
Global - CPL POP 3  BADOO (pop),Direct linking,Luxembourg,,,186,0,0,0,0.1134,-0.1134,0.0006,0,0,0,-1,0,0,0,0
Global - BADOO FREE TOKENS,Direct linking,Chile,,,182,0,0,0,0.0439,-0.0439,0.0002,0,0,0,-1,0,0,0,0
Global - BADOO Land variation,Direct linking,New Zealand,,,170,0,0,0,0.0639,-0.0639,0.0004,0,0,0,-1,0,0,0,0
Global - BADOO TOP ROOM,Direct linking,Chile,,,164,0,0,0,0.0377,-0.0377,0.0002,0,0,0,-1,0,0,0,0
Global - BADOO Land variation,Direct linking,Macao,,,156,0,0,0,0.0734,-0.0734,0.0005,0,0,0,-1,0,0,0,0
Global - CPL SMARTLINK BADOO,Direct linking,Monaco,,,154,0,0,0,0.0427,-0.0427,0.0003,0,0,0,-1,0,0,0,0
Global - CPL POP 3  BADOO (pop),Direct linking,Finland,,,151,0,0,0,0.0532,-0.0532,0.0004,0,0,0,-1,0,0,0,0
Global - BADOO TOP ROOM,Direct linking,Portugal,,,145,0,0,0,0.0409,-0.0409,0.0003,0,0,0,-1,0,0,0,0
Global - BADOO Land variation,Direct linking,Sweden,,,141,0,1,2,0.0679,1.9321,0.0005,0,0,0.007092,28.454701,0.0142,0,2,0
Global - CPL SMARTLINK BADOO (INDEX),Direct linking,India,,,138,0,0,0,0.0872,-0.0872,0.0006,0,0,0,-1,0,0,0,0
Global - CPL SMARTLINK BADOO,Direct linking,Thailand,,,135,0,0,0,0.1094,-0.1094,0.0008,0,0,0,-1,0,0,0,0
Global - BADOO FREE TOKENS,Direct linking,Canada,,,134,0,0,0,0.0778,-0.0778,0.0006,0,0,0,-1,0,0,0,0
Global - CPL SMARTLINK BADOO (INDEX),Direct linking,Pakistan,,,130,0,0,0,0.1221,-0.1221,0.0009,0,0,0,-1,0,0,0,0
clickdealer - Global - [US] [CA] [MOB] [52278] BADOO /US/CA,Direct linking,Canada,,,129,0,0,0,0.0995,-0.0995,0.0008,0,0,0,-1,0,0,0,0
Global - BADOO TOP ROOM,Direct linking,Canada,,,127,0,0,0,0.0765,-0.0765,0.0006,0,0,0,-1,0,0,0,0
Global - BADOO Land variation,Direct linking,Ireland,,,125,0,0,0,0.0461,-0.0461,0.0004,0,0,0,-1,0,0,0,0
Global - BADOO Land variation,Direct linking,Malta,,,119,0,0,0,0.0731,-0.0731,0.0006,0,0,0,-1,0,0,0,0
Global - CPL POP 3  BADOO (pop),Direct linking,Romania,,,119,0,0,0,0.0079,-0.0079,0.0001,0,0,0,-1,0,0,0,0
Global - BADOO TOP ROOM,Direct linking,Slovenia,,,116,0,0,0,0.0737,-0.0737,0.0006,0,0,0,-1,0,0,0,0
Global - BADOO Land variation,Direct linking,Austria,,,114,0,0,0,0.0713,-0.0713,0.0006,0,0,0,-1,0,0,0,0
Global - CPL SMARTLINK BADOO,Direct linking,Afghanistan,,,113,0,0,0,0.0715,-0.0715,0.0006,0,0,0,-1,0,0,0,0
Global - BADOO Land variation,Direct linking,Luxembourg,,,113,0,0,0,0.0682,-0.0682,0.0006,0,0,0,-1,0,0,0,0
Global - CPL SMARTLINK BADOO (INDEX),Direct linking,Lithuania,,,110,0,0,0,0.0438,-0.0438,0.0004,0,0,0,-1,0,0,0,0
Global - BADOO FREE TOKENS,Direct linking,Portugal,,,107,0,0,0,0.0341,-0.0341,0.0003,0,0,0,-1,0,0,0,0
Global - CPL SMARTLINK BADOO (INDEX),Direct linking,Indonesia,,,103,0,0,0,0.0575,-0.0575,0.0006,0,0,0,-1,0,0,0,0
Global - BADOO Land variation,Direct linking,United States,,,100,0,0,0,0.0391,-0.0391,0.0004,0,0,0,-1,0,0,0,0
Global - CPL SMARTLINK BADOO,Direct linking,Russian Federation,,,98,0,0,0,0.0502,-0.0502,0.0005,0,0,0,-1,0,0,0,0
Global - CPL SMARTLINK BADOO,Direct linking,Saudi Arabia,,,97,0,0,0,0.056,-0.056,0.0006,0,0,0,-1,0,0,0,0
Global - CPL SMARTLINK BADOO (INDEX),Direct linking,Monaco,,,93,0,0,0,0.023,-0.023,0.0002,0,0,0,-1,0,0,0,0
Global - BADOO FREE TOKENS,Direct linking,Slovenia,,,91,0,0,0,0.0556,-0.0556,0.0006,0,0,0,-1,0,0,0,0
Global - BADOO TOP ROOM,Direct linking,Denmark,,,87,0,0,0,0.1005,-0.1005,0.0012,0,0,0,-1,0,0,0,0
Global - BADOO FREE TOKENS,Direct linking,Puerto Rico,,,87,0,0,0,0.0505,-0.0505,0.0006,0,0,0,-1,0,0,0,0
Global - CPL POP 4  BADOO (pop),Direct linking,China,,,84,0,0,0,0.0446,-0.0446,0.0005,0,0,0,-1,0,0,0,0
Global - BADOO FREE TOKENS,Direct linking,Denmark,,,81,0,0,0,0.0987,-0.0987,0.0012,0,0,0,-1,0,0,0,0
Global - CPL POP 3  BADOO (pop),Direct linking,Iceland,,,80,0,0,0,0.049,-0.049,0.0006,0,0,0,-1,0,0,0,0
Global - BADOO TOP ROOM,Direct linking,New Zealand,,,78,0,0,0,0.0312,-0.0312,0.0004,0,0,0,-1,0,0,0,0
Global - CPL SMARTLINK BADOO,Direct linking,Timor-Leste,,,77,0,0,0,0.0646,-0.0646,0.0008,0,0,0,-1,0,0,0,0
Global - CPL SMARTLINK BADOO,Direct linking,Palestine,,,76,0,0,0,0.0359,-0.0359,0.0005,0,0,0,-1,0,0,0,0
Global - BADOO Land variation,Direct linking,Finland,,,74,0,0,0,0.0277,-0.0277,0.0004,0,0,0,-1,0,0,0,0
Global - CPL POP 3  BADOO (pop),Direct linking,Brazil,,,73,0,0,0,0.007,-0.007,0.0001,0,0,0,-1,0,0,0,0
Global - BADOO TOP ROOM,Direct linking,Puerto Rico,,,70,0,0,0,0.0393,-0.0393,0.0006,0,0,0,-1,0,0,0,0
Global - CPL POP 3  BADOO (pop),Direct linking,Cyprus,,,65,0,0,0,0.0368,-0.0368,0.0006,0,0,0,-1,0,0,0,0
Global - CPL SMARTLINK BADOO,Direct linking,Sri Lanka,,,65,0,0,0,0.0199,-0.0199,0.0003,0,0,0,-1,0,0,0,0
Global - CPL SMARTLINK BADOO,Direct linking,Mongolia,,,65,0,0,0,0.0406,-0.0406,0.0006,0,0,0,-1,0,0,0,0
Global - CPL SMARTLINK BADOO (INDEX),Direct linking,Iraq,,,64,0,0,0,0.0287,-0.0287,0.0004,0,0,0,-1,0,0,0,0
Global - CPL SMARTLINK BADOO,Direct linking,Iran,,,64,0,0,0,0.0364,-0.0364,0.0006,0,0,0,-1,0,0,0,0
Global - BADOO TOP ROOM,Direct linking,Sweden,,,63,0,0,0,0.0265,-0.0265,0.0004,0,0,0,-1,0,0,0,0
Global - CPL POP 4  BADOO (pop),Direct linking,Monaco,,,62,0,0,0,0.0132,-0.0132,0.0002,0,0,0,-1,0,0,0,0
Global - CPL POP 4  BADOO (pop),Direct linking,Syrian Arab Republic,,,62,0,0,0,0.0411,-0.0411,0.0007,0,0,0,-1,0,0,0,0
Global - BADOO Land variation,Direct linking,Romania,,,61,0,0,0,0.0037,-0.0037,0.0001,0,0,0,-1,0,0,0,0
Global - BADOO FREE TOKENS,Direct linking,New Zealand,,,60,0,0,0,0.0281,-0.0281,0.0005,0,0,0,-1,0,0,0,0
Global - BADOO FREE TOKENS,Direct linking,Malta,,,56,0,0,0,0.0334,-0.0334,0.0006,0,0,0,-1,0,0,0,0
Global - BADOO TOP ROOM,Direct linking,United States,,,54,0,0,0,0.0097,-0.0097,0.0002,0,0,0,-1,0,0,0,0
Global - BADOO TOP ROOM,Direct linking,Ireland,,,51,0,0,0,0.0171,-0.0171,0.0003,0,0,0,-1,0,0,0,0
Global - BADOO TOP ROOM,Direct linking,Macao,,,47,0,0,0,0.0245,-0.0245,0.0005,0,0,0,-1,0,0,0,0
Global - CPL SMARTLINK BADOO,Direct linking,Egypt,,,46,0,0,0,0.0229,-0.0229,0.0005,0,0,0,-1,0,0,0,0
Global - CPL POP 3  BADOO (pop),Direct linking,Uruguay,,,44,0,0,0,0.0022,-0.0022,0.0001,0,0,0,-1,0,0,0,0
Global - BADOO FREE TOKENS,Direct linking,Macao,,,42,0,0,0,0.0198,-0.0198,0.0005,0,0,0,-1,0,0,0,0
Global - CPL SMARTLINK BADOO (INDEX),Direct linking,Ukraine,,,42,0,0,0,0.0237,-0.0237,0.0006,0,0,0,-1,0,0,0,0
Global - BADOO TOP ROOM,Direct linking,Luxembourg,,,41,0,0,0,0.0249,-0.0249,0.0006,0,0,0,-1,0,0,0,0
Global - BADOO TOP ROOM,Direct linking,Malta,,,41,0,0,0,0.027,-0.027,0.0007,0,0,0,-1,0,0,0,0
Global - BADOO Land variation,Direct linking,Iceland,,,40,0,0,0,0.026,-0.026,0.0007,0,0,0,-1,0,0,0,0
Global - BADOO Land variation,Direct linking,Cyprus,,,39,0,0,0,0.0218,-0.0218,0.0006,0,0,0,-1,0,0,0,0
Global - CPL SMARTLINK BADOO,Direct linking,Croatia,,,39,0,0,0,0.009,-0.009,0.0002,0,0,0,-1,0,0,0,0
Global - BADOO FREE TOKENS,Direct linking,Luxembourg,,,39,0,0,0,0.0224,-0.0224,0.0006,0,0,0,-1,0,0,0,0
Global - CPL SMARTLINK BADOO,Direct linking,Tunisia,,,39,0,0,0,0.0241,-0.0241,0.0006,0,0,0,-1,0,0,0,0
Global - BADOO Land variation,Direct linking,Brazil,,,38,0,1,1.5,0.0036,1.4964,0.0001,0,0,0.026316,417.186508,0.0395,0,1.5,0
Global - BADOO FREE TOKENS,Direct linking,Ireland,,,38,0,0,0,0.0125,-0.0125,0.0003,0,0,0,-1,0,0,0,0
Global - BADOO TOP ROOM,Direct linking,Austria,,,37,0,0,0,0.024,-0.024,0.0006,0,0,0,-1,0,0,0,0
Global - BADOO FREE TOKENS,Direct linking,Austria,,,36,0,0,0,0.0237,-0.0237,0.0007,0,0,0,-1,0,0,0,0
Global - CPL SMARTLINK BADOO,Direct linking,Montenegro,,,36,0,0,0,0.0157,-0.0157,0.0004,0,0,0,-1,0,0,0,0
Global - CPL SMARTLINK BADOO (INDEX),Direct linking,Palestine,,,35,0,0,0,0.0195,-0.0195,0.0006,0,0,0,-1,0,0,0,0
Global - BADOO FREE TOKENS,Direct linking,Sweden,,,35,0,0,0,0.0145,-0.0145,0.0004,0,0,0,-1,0,0,0,0
Global - BADOO FREE TOKENS,Direct linking,United States,,,35,0,0,0,0.0109,-0.0109,0.0003,0,0,0,-1,0,0,0,0
Global - CPL SMARTLINK BADOO,Direct linking,Viet Nam,,,35,0,0,0,0.0184,-0.0184,0.0005,0,0,0,-1,0,0,0,0
Global - CPL SMARTLINK BADOO,Direct linking,Malaysia,,,31,0,0,0,0.0204,-0.0204,0.0007,0,0,0,-1,0,0,0,0
"Global - ||AV || [US, UK, CA, AU] [TAB+MOB] || Spdate | SOI ",United Kingdom - MOB - (B/W jumper_2),United Kingdom,,,30,0,0,0,0.0157,-0.0157,0.0005,0,0,0,-1,0,0,0,0
Global - CPL SMARTLINK BADOO,Direct linking,Macedonia,,,30,0,0,0,0.0118,-0.0118,0.0004,0,0,0,-1,0,0,0,0
Global - BADOO FREE TOKENS,Direct linking,Romania,,,30,0,0,0,0.0018,-0.0018,0.0001,0,0,0,-1,0,0,0,0
Global - CPL SMARTLINK BADOO,Direct linking,San Marino,,,30,0,0,0,0.0159,-0.0159,0.0005,0,0,0,-1,0,0,0,0
Global - CPL SMARTLINK BADOO (INDEX),Direct linking,Thailand,,,30,0,0,0,0.0248,-0.0248,0.0008,0,0,0,-1,0,0,0,0
Global - CPL SMARTLINK BADOO (INDEX),Direct linking,Montenegro,,,29,0,0,0,0.0126,-0.0126,0.0004,0,0,0,-1,0,0,0,0
United Kingdom - ||AV|| [UK] [MOB-TAB-WEB] [950] - Second Fling | DOI | UK (uk-mob),United Kingdom - MOB - (lollipop),United Kingdom,0,600,28,2,0,0,0.0181,-0.0181,0.0006,0.071429,0,0,-1,0,0,0,0
Global - CPL SMARTLINK BADOO,Direct linking,Seychelles,,,28,0,0,0,0.0173,-0.0173,0.0006,0,0,0,-1,0,0,0,0
Global - CPL SMARTLINK BADOO (INDEX),Direct linking,Timor-Leste,,,28,0,0,0,0.0242,-0.0242,0.0009,0,0,0,-1,0,0,0,0
Global - CPL SMARTLINK BADOO (INDEX),Direct linking,Syrian Arab Republic,,,27,0,0,0,0.0234,-0.0234,0.0009,0,0,0,-1,0,0,0,0
United Kingdom - ||AV|| [UK] [MOB-TAB-WEB] [950] - Second Fling | DOI | UK (uk-mob),United Kingdom - MOB - (B/W jumper_2),United Kingdom,0,600,26,0,0,0,0.0134,-0.0134,0.0005,0,0,0,-1,0,0,0,0
Global - CPL SMARTLINK BADOO,Direct linking,Panama,,,26,0,0,0,0.0143,-0.0143,0.0006,0,0,0,-1,0,0,0,0
Global - CPL SMARTLINK BADOO,Direct linking,United Arab Emirates,,,25,0,0,0,0.0119,-0.0119,0.0005,0,0,0,-1,0,0,0,0
Global - BADOO TOP ROOM,Direct linking,Finland,,,25,0,0,0,0.0088,-0.0088,0.0004,0,0,0,-1,0,0,0,0
Global - CPL SMARTLINK BADOO (INDEX),Direct linking,Iran,,,25,0,0,0,0.0136,-0.0136,0.0005,0,0,0,-1,0,0,0,0
Global - CPL SMARTLINK BADOO (INDEX),Direct linking,Russian Federation,,,25,0,0,0,0.0154,-0.0154,0.0006,0,0,0,-1,0,0,0,0
Global - CPL SMARTLINK BADOO,Direct linking,Greenland,,,24,0,0,0,0.0041,-0.0041,0.0002,0,0,0,-1,0,0,0,0
Global - CPL SMARTLINK BADOO (INDEX),Direct linking,Argentina,,,23,0,0,0,0.0109,-0.0109,0.0005,0,0,0,-1,0,0,0,0
Global - CPL POP 4  BADOO (pop),Direct linking,Germany,,,23,0,0,0,0.0068,-0.0068,0.0003,0,0,0,-1,0,0,0,0
Global - CPL SMARTLINK BADOO (INDEX),Direct linking,Ecuador,,,23,0,0,0,0.0014,-0.0014,0.0001,0,0,0,-1,0,0,0,0
Global - CPL POP 4  BADOO (pop),Direct linking,France,,,23,0,0,0,0.0068,-0.0068,0.0003,0,0,0,-1,0,0,0,0
United Kingdom - ||AV|| [UK] [MOB-TAB-WEB] [950] - Second Fling | DOI | UK (uk-mob),United Kingdom - MOB - (jumper_1),United Kingdom,0,600,23,0,0,0,0.0151,-0.0151,0.0007,0,0,0,-1,0,0,0,0
"Global - ||AV || [US, UK, CA, AU] [TAB+MOB] || Spdate | SOI ",United Kingdom - MOB - (chris on the bottom),United Kingdom,,,22,0,0,0,0.0142,-0.0142,0.0006,0,0,0,-1,0,0,0,0
Global - BADOO FREE TOKENS,Direct linking,Finland,,,21,0,0,0,0.0125,-0.0125,0.0006,0,0,0,-1,0,0,0,0
United Kingdom - ||AV|| [UK] [MOB-TAB-WEB] [950] - Second Fling | DOI | UK (uk-mob),United Kingdom - MOB - (chris on the bottom),United Kingdom,0,600,21,1,0,0,0.0121,-0.0121,0.0006,0.047619,0,0,-1,0,0,0,0
"Global - ||AV || [US, UK, CA, AU] [TAB+MOB] || Spdate | SOI ",United Kingdom - MOB - (jumper_1),United Kingdom,,,21,0,0,0,0.012,-0.012,0.0006,0,0,0,-1,0,0,0,0
Global - CPL POP 4  BADOO (pop),Direct linking,Sri Lanka,,,21,0,0,0,0.0039,-0.0039,0.0002,0,0,0,-1,0,0,0,0
Global - CPL SMARTLINK BADOO (INDEX),Direct linking,Mongolia,,,21,0,0,0,0.015,-0.015,0.0007,0,0,0,-1,0,0,0,0
Global - CPL SMARTLINK BADOO,Direct linking,Oman,,,21,0,0,0,0.015,-0.015,0.0007,0,0,0,-1,0,0,0,0
Global - CPL SMARTLINK BADOO (INDEX),Direct linking,Saudi Arabia,,,21,0,0,0,0.012,-0.012,0.0006,0,0,0,-1,0,0,0,0
"Global - ||AV || [US, UK, CA, AU] [TAB+MOB] || Spdate | SOI ",United Kingdom - MOB - (lollipop),United Kingdom,,,20,0,0,0,0.0164,-0.0164,0.0008,0,0,0,-1,0,0,0,0
Global - CPL SMARTLINK BADOO,Direct linking,Jordan,,,20,0,0,0,0.0103,-0.0103,0.0005,0,0,0,-1,0,0,0,0
Global - BADOO TOP ROOM,Direct linking,Brazil,,,19,0,0,0,0.0018,-0.0018,0.0001,0,0,0,-1,0,0,0,0
Global - CPL SMARTLINK BADOO,Direct linking,Réunion,,,19,0,0,0,0.007,-0.007,0.0004,0,0,0,-1,0,0,0,0
Global - BADOO TOP ROOM,Direct linking,Romania,,,19,0,0,0,0.0015,-0.0015,0.0001,0,0,0,-1,0,0,0,0
Global - CPL SMARTLINK BADOO (INDEX),Direct linking,Tunisia,,,19,0,0,0,0.015,-0.015,0.0008,0,0,0,-1,0,0,0,0
Global - CPL POP 4  BADOO (pop),Direct linking,Turkey,,,19,0,0,0,0.0147,-0.0147,0.0008,0,0,0,-1,0,0,0,0
Global - CPL SMARTLINK BADOO,Direct linking,Brunei Darussalam,,,18,0,0,0,0.004,-0.004,0.0002,0,0,0,-1,0,0,0,0
Global - CPL POP 4  BADOO (pop),Direct linking,Argentina,,,17,0,0,0,0.0023,-0.0023,0.0001,0,0,0,-1,0,0,0,0
Global - CPL POP 4  BADOO (pop),Direct linking,Ecuador,,,17,0,0,0,0.0015,-0.0015,0.0001,0,0,0,-1,0,0,0,0
Global - CPL POP 4  BADOO (pop),Direct linking,Netherlands,,,17,0,0,0,0.0053,-0.0053,0.0003,0,0,0,-1,0,0,0,0
Global - CPL SMARTLINK BADOO,Direct linking,Philippines,,,16,0,0,0,0.0101,-0.0101,0.0006,0,0,0,-1,0,0,0,0
Global - BADOO Land variation,Direct linking,Uruguay,,,16,0,0,0,0.0011,-0.0011,0.0001,0,0,0,-1,0,0,0,0
Global - CPL SMARTLINK BADOO (INDEX),Direct linking,Malaysia,,,15,0,0,0,0.0085,-0.0085,0.0006,0,0,0,-1,0,0,0,0
Global - CPL SMARTLINK BADOO,Direct linking,,,,14,0,0,0,0.0063,-0.0063,0.0005,0,0,0,-1,0,0,0,0
Global - CPL POP 3  BADOO (pop),Direct linking,China,,,14,0,0,0,0.0058,-0.0058,0.0004,0,0,0,-1,0,0,0,0
Global - BADOO TOP ROOM,Direct linking,Cyprus,,,14,0,0,0,0.0078,-0.0078,0.0006,0,0,0,-1,0,0,0,0
Global - CPL SMARTLINK BADOO,Direct linking,Dominican Republic,,,14,0,0,0,0.0093,-0.0093,0.0007,0,0,0,-1,0,0,0,0
Global - CPL POP 4  BADOO (pop),Direct linking,United Kingdom,,,14,0,0,0,0.0063,-0.0063,0.0005,0,0,0,-1,0,0,0,0
Global - CPL SMARTLINK BADOO (INDEX),Direct linking,Greenland,,,14,0,0,0,0.0012,-0.0012,0.0001,0,0,0,-1,0,0,0,0
Global - BADOO FREE TOKENS,Direct linking,Iceland,,,14,0,0,0,0.0089,-0.0089,0.0006,0,0,0,-1,0,0,0,0
Global - CPL SMARTLINK BADOO,Direct linking,Mexico,,,14,0,0,0,0.0058,-0.0058,0.0004,0,0,0,-1,0,0,0,0
Global - CPL SMARTLINK BADOO (INDEX),Direct linking,Panama,,,14,0,0,0,0.0086,-0.0086,0.0006,0,0,0,-1,0,0,0,0
Global - BADOO FREE TOKENS,Direct linking,Brazil,,,13,0,0,0,0.0012,-0.0012,0.0001,0,0,0,-1,0,0,0,0
Global - CPL SMARTLINK BADOO,Direct linking,Ecuador,,,13,0,0,0,0.0018,-0.0018,0.0001,0,0,0,-1,0,0,0,0
Global - CPL SMARTLINK BADOO (INDEX),Direct linking,Jordan,,,13,0,0,0,0.0064,-0.0064,0.0005,0,0,0,-1,0,0,0,0
Global - CPL POP 4  BADOO (pop),Direct linking,Macedonia,,,13,0,0,0,0.0077,-0.0077,0.0006,0,0,0,-1,0,0,0,0
Global - CPL SMARTLINK BADOO (INDEX),Direct linking,Macedonia,,,13,0,0,0,0.0084,-0.0084,0.0006,0,0,0,-1,0,0,0,0
Global - CPL POP 4  BADOO (pop),Direct linking,Palestine,,,13,0,0,0,0.0026,-0.0026,0.0002,0,0,0,-1,0,0,0,0
Global - CPL SMARTLINK BADOO,Direct linking,Bangladesh,,,12,0,0,0,0.007,-0.007,0.0006,0,0,0,-1,0,0,0,0
Global - CPL SMARTLINK BADOO,Direct linking,Democratic Republic of the Congo,,,12,0,0,0,0.0057,-0.0057,0.0005,0,0,0,-1,0,0,0,0
Global - CPL POP 4  BADOO (pop),Direct linking,Greenland,,,12,0,0,0,0.0002,-0.0002,0,0,0,0,-1,0,0,0,0
Global - BADOO TOP ROOM,Direct linking,Iceland,,,12,0,0,0,0.008,-0.008,0.0007,0,0,0,-1,0,0,0,0
Global - CPL SMARTLINK BADOO,Direct linking,Kyrgyzstan,,,12,0,0,0,0.0061,-0.0061,0.0005,0,0,0,-1,0,0,0,0
Global - CPL SMARTLINK BADOO (INDEX),Direct linking,Sri Lanka,,,12,0,0,0,0.006,-0.006,0.0005,0,0,0,-1,0,0,0,0
Global - BADOO TOP ROOM,Direct linking,Uruguay,,,12,0,0,0,0.0004,-0.0004,0,0,0,0,-1,0,0,0,0
Global - CPL SMARTLINK BADOO,Direct linking,Venezuela,,,12,0,0,0,0.0035,-0.0035,0.0003,0,0,0,-1,0,0,0,0
Global - CPL SMARTLINK BADOO (INDEX),Direct linking,Viet Nam,,,12,0,0,0,0.0032,-0.0032,0.0003,0,0,0,-1,0,0,0,0
Global - CPL SMARTLINK BADOO (INDEX),Direct linking,Afghanistan,,,11,0,0,0,0.006,-0.006,0.0005,0,0,0,-1,0,0,0,0
Global - CPL POP 4  BADOO (pop),Direct linking,Australia,,,11,0,0,0,0.0041,-0.0041,0.0004,0,0,0,-1,0,0,0,0
Global - CPL POP 3  BADOO (pop),Direct linking,Syrian Arab Republic,,,11,0,0,0,0.0074,-0.0074,0.0007,0,0,0,-1,0,0,0,0
Global - CPL SMARTLINK BADOO (INDEX),Direct linking,South Africa,,,11,0,0,0,0.0031,-0.0031,0.0003,0,0,0,-1,0,0,0,0
Global - CPL SMARTLINK BADOO,Direct linking,South Africa,,,11,0,0,0,0.004,-0.004,0.0004,0,0,0,-1,0,0,0,0
Global - BADOO FREE TOKENS,Direct linking,Cyprus,,,10,0,0,0,0.0041,-0.0041,0.0004,0,0,0,-1,0,0,0,0
Global - CPL SMARTLINK BADOO (INDEX),Direct linking,Croatia,,,10,0,0,0,0.0072,-0.0072,0.0007,0,0,0,-1,0,0,0,0
Global - CPL POP 3  BADOO (pop),Direct linking,Monaco,,,10,0,0,0,0.0025,-0.0025,0.0003,0,0,0,-1,0,0,0,0
Global - CPL POP 4  BADOO (pop),Direct linking,Russian Federation,,,10,0,0,0,0.0018,-0.0018,0.0002,0,0,0,-1,0,0,0,0
Global - CPL SMARTLINK BADOO (INDEX),Direct linking,San Marino,,,10,0,0,0,0.0041,-0.0041,0.0004,0,0,0,-1,0,0,0,0
Global - CPL SMARTLINK BADOO,Direct linking,Kazakhstan,,,9,0,0,0,0.0039,-0.0039,0.0004,0,0,0,-1,0,0,0,0
Global - CPL SMARTLINK BADOO,Direct linking,Latvia,,,9,0,0,0,0.0039,-0.0039,0.0004,0,0,0,-1,0,0,0,0
Global - CPL SMARTLINK BADOO (INDEX),Direct linking,Seychelles,,,9,0,0,0,0.0064,-0.0064,0.0007,0,0,0,-1,0,0,0,0
Global - CPL SMARTLINK BADOO,Direct linking,Samoa,,,9,0,0,0,0.0073,-0.0073,0.0008,0,0,0,-1,0,0,0,0
Global - CPL SMARTLINK BADOO,Direct linking,Albania,,,8,0,0,0,0.0035,-0.0035,0.0004,0,0,0,-1,0,0,0,0
Global - CPL SMARTLINK BADOO,Direct linking,Estonia,,,8,0,0,0,0.0095,-0.0095,0.0012,0,0,0,-1,0,0,0,0
Global - CPL SMARTLINK BADOO,Direct linking,Mali,,,8,0,0,0,0.0046,-0.0046,0.0006,0,0,0,-1,0,0,0,0
Global - CPL SMARTLINK BADOO (INDEX),Direct linking,Réunion,,,8,0,0,0,0.0026,-0.0026,0.0003,0,0,0,-1,0,0,0,0
Global - CPL POP 4  BADOO (pop),Direct linking,Ukraine,,,8,0,0,0,0.0037,-0.0037,0.0005,0,0,0,-1,0,0,0,0
Global - CPL SMARTLINK BADOO (INDEX),Direct linking,Dominican Republic,,,7,0,0,0,0.0022,-0.0022,0.0003,0,0,0,-1,0,0,0,0
Global - CPL SMARTLINK BADOO (INDEX),Direct linking,Egypt,,,7,0,0,0,0.0027,-0.0027,0.0004,0,0,0,-1,0,0,0,0
Global - CPL SMARTLINK BADOO,Direct linking,Georgia,,,7,0,0,0,0.0031,-0.0031,0.0004,0,0,0,-1,0,0,0,0
Global - CPL SMARTLINK BADOO,Direct linking,Guernsey,,,7,0,0,0,0.0027,-0.0027,0.0004,0,0,0,-1,0,0,0,0
Global - CPL SMARTLINK BADOO,Direct linking,Guatemala,,,7,0,0,0,0.0046,-0.0046,0.0007,0,0,0,-1,0,0,0,0
Global - CPL POP 4  BADOO (pop),Direct linking,India,,,7,0,0,0,0.0028,-0.0028,0.0004,0,0,0,-1,0,0,0,0
Global - CPL SMARTLINK BADOO,Direct linking,Jersey,,,7,0,0,0,0.0044,-0.0044,0.0006,0,0,0,-1,0,0,0,0
Global - CPL POP 4  BADOO (pop),Direct linking,Jordan,,,7,0,0,0,0.0042,-0.0042,0.0006,0,0,0,-1,0,0,0,0
Global - CPL SMARTLINK BADOO (INDEX),Direct linking,Latvia,,,7,0,0,0,0.0033,-0.0033,0.0005,0,0,0,-1,0,0,0,0
Global - CPL SMARTLINK BADOO,Direct linking,Moldova,,,7,0,0,0,0.0008,-0.0008,0.0001,0,0,0,-1,0,0,0,0
Global - CPL SMARTLINK BADOO,Direct linking,Nigeria,,,7,0,0,0,0.0048,-0.0048,0.0007,0,0,0,-1,0,0,0,0
Global - CPL SMARTLINK BADOO,Direct linking,Peru,,,7,0,0,0,0.0055,-0.0055,0.0008,0,0,0,-1,0,0,0,0
Global - CPL SMARTLINK BADOO (INDEX),Direct linking,United Arab Emirates,,,6,0,0,0,0.003,-0.003,0.0005,0,0,0,-1,0,0,0,0
Global - CPL POP 3  BADOO (pop),Direct linking,Australia,,,6,0,0,0,0.0035,-0.0035,0.0006,0,0,0,-1,0,0,0,0
Global - CPL SMARTLINK BADOO (INDEX),Direct linking,Equatorial Guinea,,,6,0,0,0,0.005,-0.005,0.0008,0,0,0,-1,0,0,0,0
Global - CPL SMARTLINK BADOO (INDEX),Direct linking,Kazakhstan,,,6,0,0,0,0.0025,-0.0025,0.0004,0,0,0,-1,0,0,0,0
Global - CPL SMARTLINK BADOO (INDEX),Direct linking,Lao People'S Democratic Republic,,,6,0,0,0,0.0069,-0.0069,0.0012,0,0,0,-1,0,0,0,0
Global - BADOO FREE TOKENS,Direct linking,Monaco,,,6,0,0,0,0.002,-0.002,0.0003,0,0,0,-1,0,0,0,0
Global - CPL SMARTLINK BADOO (INDEX),Direct linking,Philippines,,,6,0,0,0,0.0033,-0.0033,0.0006,0,0,0,-1,0,0,0,0
Global - CPL SMARTLINK BADOO,Direct linking,Suriname,,,6,0,0,0,0.0027,-0.0027,0.0005,0,0,0,-1,0,0,0,0
Global - CPL SMARTLINK BADOO,Direct linking,Taiwan,,,6,0,0,0,0.0039,-0.0039,0.0007,0,0,0,-1,0,0,0,0
Global - CPL SMARTLINK BADOO (INDEX),Direct linking,Samoa,,,6,0,0,0,0.0053,-0.0053,0.0009,0,0,0,-1,0,0,0,0
Global - CPL SMARTLINK BADOO,Direct linking,Yemen,,,6,0,0,0,0.0019,-0.0019,0.0003,0,0,0,-1,0,0,0,0
Global - CPL SMARTLINK BADOO (INDEX),Direct linking,Brunei Darussalam,,,5,0,0,0,0.0013,-0.0013,0.0003,0,0,0,-1,0,0,0,0
Global - CPL SMARTLINK BADOO,Direct linking,Bolivia,,,5,0,0,0,0.0029,-0.0029,0.0006,0,0,0,-1,0,0,0,0
Global - CPL SMARTLINK BADOO (INDEX),Direct linking,Belarus,,,5,0,0,0,0.0023,-0.0023,0.0005,0,0,0,-1,0,0,0,0
Global - CPL SMARTLINK BADOO,Direct linking,Belarus,,,5,0,0,0,0.0018,-0.0018,0.0004,0,0,0,-1,0,0,0,0
Global - CPL SMARTLINK BADOO (INDEX),Direct linking,Colombia,,,5,0,0,0,0.004,-0.004,0.0008,0,0,0,-1,0,0,0,0
Global - CPL SMARTLINK BADOO,Direct linking,Colombia,,,5,0,0,0,0.0021,-0.0021,0.0004,0,0,0,-1,0,0,0,0
Global - CPL SMARTLINK BADOO,Direct linking,Costa Rica,,,5,0,0,0,0.0006,-0.0006,0.0001,0,0,0,-1,0,0,0,0
Global - CPL SMARTLINK BADOO,Direct linking,Cape Verde,,,5,0,0,0,0.003,-0.003,0.0006,0,0,0,-1,0,0,0,0
Global - CPL SMARTLINK BADOO,Direct linking,Kenya,,,5,0,0,0,0.0045,-0.0045,0.0009,0,0,0,-1,0,0,0,0
Global - CPL SMARTLINK BADOO,Direct linking,Lao People'S Democratic Republic,,,5,0,0,0,0.0033,-0.0033,0.0007,0,0,0,-1,0,0,0,0
Global - CPL SMARTLINK BADOO (INDEX),Direct linking,Mauritius,,,5,0,0,0,0.0024,-0.0024,0.0005,0,0,0,-1,0,0,0,0
Global - CPL SMARTLINK BADOO,Direct linking,Nicaragua,,,5,0,0,0,0.003,-0.003,0.0006,0,0,0,-1,0,0,0,0
Global - CPL SMARTLINK BADOO,Direct linking,Tonga,,,5,0,0,0,0.0024,-0.0024,0.0005,0,0,0,-1,0,0,0,0
Global - BADOO FREE TOKENS,Direct linking,Uruguay,,,5,0,0,0,0.0002,-0.0002,0,0,0,0,-1,0,0,0,0
Global - CPL SMARTLINK BADOO (INDEX),Direct linking,Antigua And Barbuda,,,4,0,0,0,0.002,-0.002,0.0005,0,0,0,-1,0,0,0,0
Global - CPL POP 3  BADOO (pop),Direct linking,Argentina,,,4,0,0,0,0.0004,-0.0004,0.0001,0,0,0,-1,0,0,0,0
Global - CPL POP 3  BADOO (pop),Direct linking,Belgium,,,4,0,0,0,0.0021,-0.0021,0.0005,0,0,0,-1,0,0,0,0
Global - CPL POP 4  BADOO (pop),Direct linking,Belgium,,,4,0,0,0,0.0018,-0.0018,0.0005,0,0,0,-1,0,0,0,0
Global - CPL SMARTLINK BADOO,Direct linking,Bahrain,,,4,0,0,0,0.003,-0.003,0.0007,0,0,0,-1,0,0,0,0
Global - CPL POP 3  BADOO (pop),Direct linking,Ecuador,,,4,0,0,0,0.0003,-0.0003,0.0001,0,0,0,-1,0,0,0,0
Global - CPL SMARTLINK BADOO,Direct linking,Equatorial Guinea,,,4,0,0,0,0.0016,-0.0016,0.0004,0,0,0,-1,0,0,0,0
Global - CPL POP 4  BADOO (pop),Direct linking,Hong Kong,,,4,0,0,0,0.0023,-0.0023,0.0006,0,0,0,-1,0,0,0,0
Global - CPL SMARTLINK BADOO (INDEX),Direct linking,Kyrgyzstan,,,4,0,0,0,0.0019,-0.0019,0.0005,0,0,0,-1,0,0,0,0
Global - CPL SMARTLINK BADOO,Direct linking,North Korea,,,4,0,0,0,0.0027,-0.0027,0.0007,0,0,0,-1,0,0,0,0
Global - CPL SMARTLINK BADOO,Direct linking,Lebanon,,,4,0,0,0,0.0023,-0.0023,0.0006,0,0,0,-1,0,0,0,0
Global - CPL SMARTLINK BADOO (INDEX),Direct linking,Liechtenstein,,,4,0,0,0,0.0022,-0.0022,0.0006,0,0,0,-1,0,0,0,0
Global - CPL SMARTLINK BADOO (INDEX),Direct linking,Moldova,,,4,0,0,0,0.0018,-0.0018,0.0005,0,0,0,-1,0,0,0,0
Global - CPL SMARTLINK BADOO (INDEX),Direct linking,Mali,,,4,0,0,0,0.0027,-0.0027,0.0007,0,0,0,-1,0,0,0,0
Global - CPL SMARTLINK BADOO (INDEX),Direct linking,Mexico,,,4,0,0,0,0.0006,-0.0006,0.0001,0,0,0,-1,0,0,0,0
Global - CPL SMARTLINK BADOO (INDEX),Direct linking,Oman,,,4,0,0,0,0.0023,-0.0023,0.0006,0,0,0,-1,0,0,0,0
Global - CPL POP 4  BADOO (pop),Direct linking,Singapore,,,4,0,0,0,0.0025,-0.0025,0.0006,0,0,0,-1,0,0,0,0
Global - CPL SMARTLINK BADOO (INDEX),Direct linking,Suriname,,,4,0,0,0,0.0009,-0.0009,0.0002,0,0,0,-1,0,0,0,0
Global - CPL SMARTLINK BADOO,Direct linking,Uzbekistan,,,4,0,0,0,0.0009,-0.0009,0.0002,0,0,0,-1,0,0,0,0
Global - CPL SMARTLINK BADOO (INDEX),Direct linking,Venezuela,,,4,0,0,0,0.001,-0.001,0.0002,0,0,0,-1,0,0,0,0
Global - CPL SMARTLINK BADOO (INDEX),Direct linking,Yemen,,,4,0,0,0,0.0025,-0.0025,0.0006,0,0,0,-1,0,0,0,0
Global - CPL SMARTLINK BADOO (INDEX),Direct linking,Zimbabwe,,,4,0,0,0,0.0024,-0.0024,0.0006,0,0,0,-1,0,0,0,0
Global - CPL POP 3  BADOO (pop),Direct linking,United Arab Emirates,,,3,0,0,0,0.0017,-0.0017,0.0006,0,0,0,-1,0,0,0,0
Global - CPL SMARTLINK BADOO (INDEX),Direct linking,Albania,,,3,0,0,0,0.0018,-0.0018,0.0006,0,0,0,-1,0,0,0,0
Global - CPL SMARTLINK BADOO,Direct linking,Bosnia And Herzegovina,,,3,0,0,0,0.0021,-0.0021,0.0007,0,0,0,-1,0,0,0,0
Global - CPL SMARTLINK BADOO (INDEX),Direct linking,Bangladesh,,,3,0,0,0,0.0012,-0.0012,0.0004,0,0,0,-1,0,0,0,0
Global - CPL SMARTLINK BADOO (INDEX),Direct linking,Bolivia,,,3,0,0,0,0.0008,-0.0008,0.0003,0,0,0,-1,0,0,0,0
Global - CPL SMARTLINK BADOO (INDEX),Direct linking,Cape Verde,,,3,0,0,0,0.0012,-0.0012,0.0004,0,0,0,-1,0,0,0,0
Global - CPL SMARTLINK BADOO,Direct linking,Ethiopia,,,3,0,0,0,0.0016,-0.0016,0.0005,0,0,0,-1,0,0,0,0
Global - CPL SMARTLINK BADOO (INDEX),Direct linking,Georgia,,,3,0,0,0,0.0006,-0.0006,0.0002,0,0,0,-1,0,0,0,0
Global - CPL POP 3  BADOO (pop),Direct linking,Greenland,,,3,0,0,0,0.0002,-0.0002,0.0001,0,0,0,-1,0,0,0,0
Global - CPL POP 4  BADOO (pop),Direct linking,Guatemala,,,3,0,0,0,0.0001,-0.0001,0,0,0,0,-1,0,0,0,0
Global - CPL SMARTLINK BADOO (INDEX),Direct linking,Guatemala,,,3,0,0,0,0.0003,-0.0003,0.0001,0,0,0,-1,0,0,0,0
Global - CPL SMARTLINK BADOO,Direct linking,Honduras,,,3,0,0,0,0.0014,-0.0014,0.0005,0,0,0,-1,0,0,0,0
Global - CPL POP 4  BADOO (pop),Direct linking,Croatia,,,3,0,0,0,0.0002,-0.0002,0.0001,0,0,0,-1,0,0,0,0
Global - CPL POP 4  BADOO (pop),Direct linking,Japan,,,3,0,0,0,0.0012,-0.0012,0.0004,0,0,0,-1,0,0,0,0
Global - CPL SMARTLINK BADOO (INDEX),Direct linking,Kenya,,,3,0,0,0,0.0028,-0.0028,0.0009,0,0,0,-1,0,0,0,0
Global - CPL SMARTLINK BADOO,Direct linking,Cambodia,,,3,0,0,0,0.0002,-0.0002,0.0001,0,0,0,-1,0,0,0,0
Global - CPL SMARTLINK BADOO,Direct linking,Kuwait,,,3,0,0,0,0.0018,-0.0018,0.0006,0,0,0,-1,0,0,0,0
Global - CPL POP 3  BADOO (pop),Direct linking,Sri Lanka,,,3,0,0,0,0.0005,-0.0005,0.0002,0,0,0,-1,0,0,0,0
Global - BADOO Land variation,Direct linking,Monaco,,,3,0,0,0,0.0004,-0.0004,0.0001,0,0,0,-1,0,0,0,0
Global - BADOO TOP ROOM,Direct linking,Monaco,,,3,0,0,0,0.0003,-0.0003,0.0001,0,0,0,-1,0,0,0,0
Global - CPL SMARTLINK BADOO (INDEX),Direct linking,Madagascar,,,3,0,0,0,0.0025,-0.0025,0.0008,0,0,0,-1,0,0,0,0
Global - CPL POP 3  BADOO (pop),Direct linking,Macedonia,,,3,0,0,0,0.0014,-0.0014,0.0005,0,0,0,-1,0,0,0,0
Global - CPL SMARTLINK BADOO,Direct linking,Mauritius,,,3,0,0,0,0.001,-0.001,0.0003,0,0,0,-1,0,0,0,0
Global - BADOO Land variation,Direct linking,Netherlands,,,3,0,0,0,0.0011,-0.0011,0.0004,0,0,0,-1,0,0,0,0
Global - CPL POP 3  BADOO (pop),Direct linking,Netherlands,,,3,0,0,0,0.0017,-0.0017,0.0006,0,0,0,-1,0,0,0,0
Global - CPL POP 4  BADOO (pop),Direct linking,Panama,,,3,0,0,0,0.0008,-0.0008,0.0003,0,0,0,-1,0,0,0,0
Global - CPL SMARTLINK BADOO (INDEX),Direct linking,Paraguay,,,3,0,0,0,0.001,-0.001,0.0003,0,0,0,-1,0,0,0,0
Global - CPL SMARTLINK BADOO,Direct linking,Paraguay,,,3,0,0,0,0.0009,-0.0009,0.0003,0,0,0,-1,0,0,0,0
Global - CPL SMARTLINK BADOO (INDEX),Direct linking,Tokelau,,,3,0,0,0,0.0014,-0.0014,0.0005,0,0,0,-1,0,0,0,0
Global - CPL POP 3  BADOO (pop),Direct linking,Turkey,,,3,0,0,0,0.0023,-0.0023,0.0008,0,0,0,-1,0,0,0,0
Global - CPL POP 4  BADOO (pop),Direct linking,South Africa,,,3,0,0,0,0.0006,-0.0006,0.0002,0,0,0,-1,0,0,0,0
Global - CPL SMARTLINK BADOO,Direct linking,Zambia,,,3,0,0,0,0.0024,-0.0024,0.0008,0,0,0,-1,0,0,0,0
Global - CPL POP 4  BADOO (pop),Direct linking,United Arab Emirates,,,2,0,0,0,0.0012,-0.0012,0.0006,0,0,0,-1,0,0,0,0
Global - CPL SMARTLINK BADOO,Direct linking,Antigua And Barbuda,,,2,0,0,0,0.0006,-0.0006,0.0003,0,0,0,-1,0,0,0,0
Global - CPL SMARTLINK BADOO (INDEX),Direct linking,Armenia,,,2,0,0,0,0.0002,-0.0002,0.0001,0,0,0,-1,0,0,0,0
Global - CPL SMARTLINK BADOO,Direct linking,Armenia,,,2,0,0,0,0.0003,-0.0003,0.0002,0,0,0,-1,0,0,0,0
Global - CPL SMARTLINK BADOO (INDEX),Direct linking,Angola,,,2,0,0,0,0.0017,-0.0017,0.0008,0,0,0,-1,0,0,0,0
Global - CPL SMARTLINK BADOO,Direct linking,Angola,,,2,0,0,0,0.0011,-0.0011,0.0005,0,0,0,-1,0,0,0,0
Global - CPL SMARTLINK BADOO (INDEX),Direct linking,Democratic Republic of the Congo,,,2,0,0,0,0.0006,-0.0006,0.0003,0,0,0,-1,0,0,0,0
Global - CPL POP 4  BADOO (pop),Direct linking,Switzerland,,,2,0,0,0,0.0009,-0.0009,0.0005,0,0,0,-1,0,0,0,0
Global - CPL SMARTLINK BADOO,Direct linking,Côte D'Ivoire,,,2,0,0,0,0.0016,-0.0016,0.0008,0,0,0,-1,0,0,0,0
Global - BADOO FREE TOKENS,Direct linking,China,,,2,0,0,0,0.0006,-0.0006,0.0003,0,0,0,-1,0,0,0,0
Global - CPL SMARTLINK BADOO (INDEX),Direct linking,Costa Rica,,,2,0,0,0,0.0011,-0.0011,0.0006,0,0,0,-1,0,0,0,0
Global - CPL POP 3  BADOO (pop),Direct linking,Germany,,,2,0,0,0,0,0,0,0,0,0,-1,0,0,0,0
Global - CPL POP 4  BADOO (pop),Direct linking,Dominican Republic,,,2,0,0,0,0.0001,-0.0001,0.0001,0,0,0,-1,0,0,0,0
Global - CPL SMARTLINK BADOO,Direct linking,Algeria,,,2,0,0,0,0.0008,-0.0008,0.0004,0,0,0,-1,0,0,0,0
Global - BADOO Land variation,Direct linking,Ecuador,,,2,0,0,0,0.0001,-0.0001,0.0001,0,0,0,-1,0,0,0,0
Global - CPL SMARTLINK BADOO,Direct linking,,,,2,0,0,0,0.0009,-0.0009,0.0004,0,0,0,-1,0,0,0,0
Global - BADOO Land variation,Direct linking,Guernsey,,,2,0,0,0,0.0001,-0.0001,0,0,0,0,-1,0,0,0,0
Global - BADOO Land variation,Direct linking,Greenland,,,2,0,0,0,0,0,0,0,0,0,-1,0,0,0,0
Global - CPL SMARTLINK BADOO,Direct linking,Guadeloupe,,,2,0,0,0,0.0004,-0.0004,0.0002,0,0,0,-1,0,0,0,0
Global - CPL POP 4  BADOO (pop),Direct linking,Greece,,,2,0,0,0,0.0009,-0.0009,0.0004,0,0,0,-1,0,0,0,0
Global - CPL POP 4  BADOO (pop),Direct linking,Indonesia,,,2,0,0,0,0.0012,-0.0012,0.0006,0,0,0,-1,0,0,0,0
Global - CPL POP 3  BADOO (pop),Direct linking,Israel,,,2,0,0,0,0.0025,-0.0025,0.0013,0,0,0,-1,0,0,0,0
Global - CPL SMARTLINK BADOO,Direct linking,Liechtenstein,,,2,0,0,0,0.0008,-0.0008,0.0004,0,0,0,-1,0,0,0,0
Global - CPL SMARTLINK BADOO (INDEX),Direct linking,Martinique,,,2,0,0,0,0.0023,-0.0023,0.0012,0,0,0,-1,0,0,0,0
Global - CPL SMARTLINK BADOO (INDEX),Direct linking,Maldives,,,2,0,0,0,0.0005,-0.0005,0.0002,0,0,0,-1,0,0,0,0
Global - CPL SMARTLINK BADOO,Direct linking,Maldives,,,2,0,0,0,0,0,0,0,0,0,-1,0,0,0,0
Global - CPL SMARTLINK BADOO,Direct linking,Namibia,,,2,0,0,0,0.0009,-0.0009,0.0004,0,0,0,-1,0,0,0,0
Global - BADOO TOP ROOM,Direct linking,Netherlands,,,2,0,0,0,0.0006,-0.0006,0.0003,0,0,0,-1,0,0,0,0
Global - CPL SMARTLINK BADOO,Direct linking,Nepal,,,2,0,0,0,0.001,-0.001,0.0005,0,0,0,-1,0,0,0,0
Global - CPL POP 4  BADOO (pop),Direct linking,Slovakia,,,2,0,0,0,0.0003,-0.0003,0.0002,0,0,0,-1,0,0,0,0
Global - CPL SMARTLINK BADOO,Direct linking,South Sudan,,,2,0,0,0,0.0013,-0.0013,0.0007,0,0,0,-1,0,0,0,0
Global - CPL SMARTLINK BADOO (INDEX),Direct linking,Sao Tome And Principe,,,2,0,0,0,0.001,-0.001,0.0005,0,0,0,-1,0,0,0,0
Global - CPL SMARTLINK BADOO,Direct linking,Sao Tome And Principe,,,2,0,0,0,0.0014,-0.0014,0.0007,0,0,0,-1,0,0,0,0
Global - BADOO Land variation,Direct linking,Syrian Arab Republic,,,2,0,0,0,0.0014,-0.0014,0.0007,0,0,0,-1,0,0,0,0
Global - CPL SMARTLINK BADOO,Direct linking,Tokelau,,,2,0,0,0,0.0011,-0.0011,0.0005,0,0,0,-1,0,0,0,0
Global - CPL SMARTLINK BADOO (INDEX),Direct linking,Taiwan,,,2,0,0,0,0.0003,-0.0003,0.0002,0,0,0,-1,0,0,0,0
Global - CPL SMARTLINK BADOO,Direct linking,Uganda,,,2,0,0,0,0.0008,-0.0008,0.0004,0,0,0,-1,0,0,0,0
Global - CPL SMARTLINK BADOO,Direct linking,"Virgin Islands, British",,,2,0,0,0,0.0009,-0.0009,0.0005,0,0,0,-1,0,0,0,0
Global - CPL SMARTLINK BADOO (INDEX),Direct linking,Zambia,,,2,0,0,0,0.001,-0.001,0.0005,0,0,0,-1,0,0,0,0
Global - CPL SMARTLINK BADOO,Direct linking,Zimbabwe,,,2,0,0,0,0.0015,-0.0015,0.0008,0,0,0,-1,0,0,0,0
Global - CPL SMARTLINK BADOO (INDEX),Direct linking,,,,1,0,0,0,0.0003,-0.0003,0.0003,0,0,0,-1,0,0,0,0
Global - CPL SMARTLINK BADOO,Direct linking,Andorra,,,1,0,0,0,0.0001,-0.0001,0.0001,0,0,0,-1,0,0,0,0
Global - BADOO FREE TOKENS,Direct linking,United Arab Emirates,,,1,0,0,0,0.0003,-0.0003,0.0003,0,0,0,-1,0,0,0,0
Global - CPL POP 3  BADOO (pop),Direct linking,Antigua And Barbuda,,,1,0,0,0,0.0005,-0.0005,0.0005,0,0,0,-1,0,0,0,0
Global - CPL POP 4  BADOO (pop),Direct linking,Antigua And Barbuda,,,1,0,0,0,0.0005,-0.0005,0.0005,0,0,0,-1,0,0,0,0
Global - BADOO Land variation,Direct linking,Armenia,,,1,0,0,0,0.0001,-0.0001,0.0001,0,0,0,-1,0,0,0,0
Global - CPL POP 3  BADOO (pop),Direct linking,Armenia,,,1,0,0,0,0.0006,-0.0006,0.0006,0,0,0,-1,0,0,0,0
Global - CPL POP 4  BADOO (pop),Direct linking,Angola,,,1,0,0,0,0.0014,-0.0014,0.0014,0,0,0,-1,0,0,0,0
Global - BADOO Land variation,Direct linking,Argentina,,,1,0,0,0,0.0001,-0.0001,0.0001,0,0,0,-1,0,0,0,0
Global - BADOO Land variation,Direct linking,Australia,,,1,0,0,0,0.0001,-0.0001,0.0001,0,0,0,-1,0,0,0,0
Global - CPL SMARTLINK BADOO,Direct linking,Azerbaijan,,,1,0,0,0,0.0004,-0.0004,0.0004,0,0,0,-1,0,0,0,0
Global - CPL POP 4  BADOO (pop),Direct linking,Bosnia And Herzegovina,,,1,0,0,0,0.0007,-0.0007,0.0007,0,0,0,-1,0,0,0,0
Global - BADOO Land variation,Direct linking,Belgium,,,1,0,0,0,0.0007,-0.0007,0.0007,0,0,0,-1,0,0,0,0
Global - CPL SMARTLINK BADOO (INDEX),Direct linking,Bahrain,,,1,0,0,0,0.0007,-0.0007,0.0007,0,0,0,-1,0,0,0,0
Global - CPL POP 4  BADOO (pop),Direct linking,Bolivia,,,1,0,0,0,0.0001,-0.0001,0.0001,0,0,0,-1,0,0,0,0
Global - CPL SMARTLINK BADOO,Direct linking,Botswana,,,1,0,0,0,0.001,-0.001,0.001,0,0,0,-1,0,0,0,0
Global - CPL POP 4  BADOO (pop),Direct linking,Belize,,,1,0,0,0,0.0001,-0.0001,0.0001,0,0,0,-1,0,0,0,0
Global - CPL SMARTLINK BADOO,Direct linking,Belize,,,1,0,0,0,0.001,-0.001,0.001,0,0,0,-1,0,0,0,0
Global - CPL POP 4  BADOO (pop),Direct linking,Congo,,,1,0,0,0,0.0001,-0.0001,0.0001,0,0,0,-1,0,0,0,0
Global - CPL POP 3  BADOO (pop),Direct linking,Switzerland,,,1,0,0,0,0.0005,-0.0005,0.0005,0,0,0,-1,0,0,0,0
Global - BADOO Land variation,Direct linking,China,,,1,0,0,0,0,0,0,0,0,0,-1,0,0,0,0
Global - CPL POP 4  BADOO (pop),Direct linking,Colombia,,,1,0,0,0,0.0001,-0.0001,0.0001,0,0,0,-1,0,0,0,0
Global - CPL POP 4  BADOO (pop),Direct linking,Costa Rica,,,1,0,0,0,0.0004,-0.0004,0.0004,0,0,0,-1,0,0,0,0
Global - CPL SMARTLINK BADOO (INDEX),Direct linking,Cuba,,,1,0,0,0,0.0007,-0.0007,0.0007,0,0,0,-1,0,0,0,0
Global - BADOO FREE TOKENS,Direct linking,Germany,,,1,0,0,0,0.0001,-0.0001,0.0001,0,0,0,-1,0,0,0,0
Global - CPL SMARTLINK BADOO,Direct linking,Djibouti,,,1,0,0,0,0.001,-0.001,0.001,0,0,0,-1,0,0,0,0
Global - CPL POP 3  BADOO (pop),Direct linking,Dominican Republic,,,1,0,0,0,0,0,0,0,0,0,-1,0,0,0,0
Global - BADOO TOP ROOM,Direct linking,Ecuador,,,1,0,0,0,0.0001,-0.0001,0.0001,0,0,0,-1,0,0,0,0
Global - CPL SMARTLINK BADOO (INDEX),Direct linking,Estonia,,,1,0,0,0,0.0015,-0.0015,0.0015,0,0,0,-1,0,0,0,0
Global - CPL POP 4  BADOO (pop),Direct linking,Egypt,,,1,0,0,0,0.0002,-0.0002,0.0002,0,0,0,-1,0,0,0,0
Global - CPL SMARTLINK BADOO,Direct linking,Eritrea,,,1,0,0,0,0.0008,-0.0008,0.0008,0,0,0,-1,0,0,0,0
Global - CPL SMARTLINK BADOO (INDEX),Direct linking,,,,1,0,0,0,0,0,0,0,0,0,-1,0,0,0,0
Global - CPL SMARTLINK BADOO (INDEX),Direct linking,Falkland Islands (Malvinas),,,1,0,0,0,0.0009,-0.0009,0.0009,0,0,0,-1,0,0,0,0
Global - CPL SMARTLINK BADOO,Direct linking,Falkland Islands (Malvinas),,,1,0,0,0,0.0009,-0.0009,0.0009,0,0,0,-1,0,0,0,0
Global - CPL POP 3  BADOO (pop),Direct linking,France,,,1,0,0,0,0.0007,-0.0007,0.0007,0,0,0,-1,0,0,0,0
Global - BADOO TOP ROOM,Direct linking,France,,,1,0,0,0,0.0006,-0.0006,0.0006,0,0,0,-1,0,0,0,0
Global - CPL SMARTLINK BADOO,Direct linking,Gabon,,,1,0,0,0,0.0009,-0.0009,0.0009,0,0,0,-1,0,0,0,0
Global - BADOO Land variation,Direct linking,United Kingdom,,,1,0,0,0,0.0001,-0.0001,0.0001,0,0,0,-1,0,0,0,0
Global - CPL POP 3  BADOO (pop),Direct linking,United Kingdom,,,1,0,0,0,0.0003,-0.0003,0.0003,0,0,0,-1,0,0,0,0
Global - BADOO TOP ROOM,Direct linking,United Kingdom,,,1,0,0,0,0.0005,-0.0005,0.0005,0,0,0,-1,0,0,0,0
Global - CPL POP 4  BADOO (pop),Direct linking,Guernsey,,,1,0,0,0,0,0,0,0,0,0,-1,0,0,0,0
Global - CPL SMARTLINK BADOO (INDEX),Direct linking,Guernsey,,,1,0,0,0,0,0,0,0,0,0,-1,0,0,0,0
Global - CPL SMARTLINK BADOO,Direct linking,Gibraltar,,,1,0,0,0,0.0003,-0.0003,0.0003,0,0,0,-1,0,0,0,0
Global - BADOO FREE TOKENS,Direct linking,Greenland,,,1,0,0,0,0,0,0,0,0,0,-1,0,0,0,0
Global - BADOO TOP ROOM,Direct linking,Greenland,,,1,0,0,0,0,0,0,0,0,0,-1,0,0,0,0
Global - CPL SMARTLINK BADOO (INDEX),Direct linking,Gambia,,,1,0,0,0,0.0003,-0.0003,0.0003,0,0,0,-1,0,0,0,0
Global - CPL SMARTLINK BADOO,Direct linking,Gambia,,,1,0,0,0,0.0011,-0.0011,0.0011,0,0,0,-1,0,0,0,0
Global - CPL POP 3  BADOO (pop),Direct linking,Greece,,,1,0,0,0,0.0005,-0.0005,0.0005,0,0,0,-1,0,0,0,0
Global - CPL POP 3  BADOO (pop),Direct linking,Guatemala,,,1,0,0,0,0.0001,-0.0001,0.0001,0,0,0,-1,0,0,0,0
Global - CPL SMARTLINK BADOO,Direct linking,Guam,,,1,0,0,0,0.0002,-0.0002,0.0002,0,0,0,-1,0,0,0,0
Global - CPL POP 4  BADOO (pop),Direct linking,Honduras,,,1,0,0,0,0,0,0,0,0,0,-1,0,0,0,0
Global - CPL SMARTLINK BADOO (INDEX),Direct linking,Honduras,,,1,0,0,0,0,0,0,0,0,0,-1,0,0,0,0
Global - CPL POP 3  BADOO (pop),Direct linking,Croatia,,,1,0,0,0,0.0001,-0.0001,0.0001,0,0,0,-1,0,0,0,0
Global - BADOO TOP ROOM,Direct linking,Croatia,,,1,0,0,0,0.0001,-0.0001,0.0001,0,0,0,-1,0,0,0,0
Global - CPL POP 4  BADOO (pop),Direct linking,Iran,,,1,0,0,0,0,0,0,0,0,0,-1,0,0,0,0
Global - BADOO Land variation,Direct linking,Italy,,,1,0,0,0,0.0005,-0.0005,0.0005,0,0,0,-1,0,0,0,0
Global - CPL POP 3  BADOO (pop),Direct linking,Italy,,,1,0,0,0,0.0001,-0.0001,0.0001,0,0,0,-1,0,0,0,0
Global - BADOO TOP ROOM,Direct linking,Italy,,,1,0,0,0,0.0004,-0.0004,0.0004,0,0,0,-1,0,0,0,0
Global - BADOO FREE TOKENS,Direct linking,Jordan,,,1,0,0,0,0.0003,-0.0003,0.0003,0,0,0,-1,0,0,0,0
Global - CPL POP 3  BADOO (pop),Direct linking,Jordan,,,1,0,0,0,0.0007,-0.0007,0.0007,0,0,0,-1,0,0,0,0
Global - CPL POP 3  BADOO (pop),Direct linking,Japan,,,1,0,0,0,0.0001,-0.0001,0.0001,0,0,0,-1,0,0,0,0
Global - CPL POP 3  BADOO (pop),Direct linking,Kyrgyzstan,,,1,0,0,0,0.0003,-0.0003,0.0003,0,0,0,-1,0,0,0,0
Global - CPL POP 4  BADOO (pop),Direct linking,Kyrgyzstan,,,1,0,0,0,0.0007,-0.0007,0.0007,0,0,0,-1,0,0,0,0
Global - CPL SMARTLINK BADOO (INDEX),Direct linking,North Korea,,,1,0,0,0,0.0006,-0.0006,0.0006,0,0,0,-1,0,0,0,0
Global - CPL SMARTLINK BADOO (INDEX),Direct linking,Lebanon,,,1,0,0,0,0.0005,-0.0005,0.0005,0,0,0,-1,0,0,0,0
Global - BADOO Land variation,Direct linking,Sri Lanka,,,1,0,0,0,0.0004,-0.0004,0.0004,0,0,0,-1,0,0,0,0
Global - CPL SMARTLINK BADOO (INDEX),Direct linking,Liberia,,,1,0,0,0,0.0007,-0.0007,0.0007,0,0,0,-1,0,0,0,0
Global - BADOO FREE TOKENS,Direct linking,Macedonia,,,1,0,0,0,0.0007,-0.0007,0.0007,0,0,0,-1,0,0,0,0
Global - BADOO Land variation,Direct linking,Macedonia,,,1,0,0,0,0.0007,-0.0007,0.0007,0,0,0,-1,0,0,0,0
Global - CPL SMARTLINK BADOO (INDEX),Direct linking,Myanmar,,,1,0,0,0,0.0017,-0.0017,0.0017,0,0,0,-1,0,0,0,0
Global - CPL SMARTLINK BADOO,Direct linking,New Caledonia,,,1,0,0,0,0.0003,-0.0003,0.0003,0,0,0,-1,0,0,0,0
Global - CPL SMARTLINK BADOO (INDEX),Direct linking,Nigeria,,,1,0,0,0,0.0011,-0.0011,0.0011,0,0,0,-1,0,0,0,0
Global - CPL SMARTLINK BADOO (INDEX),Direct linking,Nicaragua,,,1,0,0,0,0.0009,-0.0009,0.0009,0,0,0,-1,0,0,0,0
Global - CPL POP 4  BADOO (pop),Direct linking,Norway,,,1,0,0,0,0.0006,-0.0006,0.0006,0,0,0,-1,0,0,0,0
Global - CPL SMARTLINK BADOO (INDEX),Direct linking,Nepal,,,1,0,0,0,0.0015,-0.0015,0.0015,0,0,0,-1,0,0,0,0
Global - CPL POP 4  BADOO (pop),Direct linking,Peru,,,1,0,0,0,0.0001,-0.0001,0.0001,0,0,0,-1,0,0,0,0
Global - CPL SMARTLINK BADOO (INDEX),Direct linking,Peru,,,1,0,0,0,0.0008,-0.0008,0.0008,0,0,0,-1,0,0,0,0
Global - CPL SMARTLINK BADOO (INDEX),Direct linking,French Polynesia,,,1,0,0,0,0.0009,-0.0009,0.0009,0,0,0,-1,0,0,0,0
Global - CPL SMARTLINK BADOO,Direct linking,French Polynesia,,,1,0,0,0,0.0007,-0.0007,0.0007,0,0,0,-1,0,0,0,0
Global - CPL POP 3  BADOO (pop),Direct linking,Palestine,,,1,0,0,0,0,0,0,0,0,0,-1,0,0,0,0
Global - CPL SMARTLINK BADOO (INDEX),Direct linking,Qatar,,,1,0,0,0,0.0005,-0.0005,0.0005,0,0,0,-1,0,0,0,0
Global - BADOO TOP ROOM,Direct linking,Russian Federation,,,1,0,0,0,0.0002,-0.0002,0.0002,0,0,0,-1,0,0,0,0
Global - CPL SMARTLINK BADOO,Direct linking,Rwanda,,,1,0,0,0,0.0007,-0.0007,0.0007,0,0,0,-1,0,0,0,0
Global - CPL SMARTLINK BADOO,Direct linking,Sierra Leone,,,1,0,0,0,0.0007,-0.0007,0.0007,0,0,0,-1,0,0,0,0
Global - CPL SMARTLINK BADOO (INDEX),Direct linking,Senegal,,,1,0,0,0,0.0007,-0.0007,0.0007,0,0,0,-1,0,0,0,0
Global - CPL SMARTLINK BADOO,Direct linking,Somalia,,,1,0,0,0,0.0001,-0.0001,0.0001,0,0,0,-1,0,0,0,0
Global - BADOO FREE TOKENS,Direct linking,Syrian Arab Republic,,,1,0,0,0,0.0004,-0.0004,0.0004,0,0,0,-1,0,0,0,0
Global - BADOO TOP ROOM,Direct linking,Syrian Arab Republic,,,1,0,0,0,0.0007,-0.0007,0.0007,0,0,0,-1,0,0,0,0
Global - CPL SMARTLINK BADOO,Direct linking,Turkmenistan,,,1,0,0,0,0.0001,-0.0001,0.0001,0,0,0,-1,0,0,0,0
Global - CPL SMARTLINK BADOO (INDEX),Direct linking,Tonga,,,1,0,0,0,0.0007,-0.0007,0.0007,0,0,0,-1,0,0,0,0
Global - BADOO FREE TOKENS,Direct linking,Turkey,,,1,0,0,0,0.0015,-0.0015,0.0015,0,0,0,-1,0,0,0,0
Global - BADOO Land variation,Direct linking,Ukraine,,,1,0,0,0,0.0008,-0.0008,0.0008,0,0,0,-1,0,0,0,0
Global - CPL POP 3  BADOO (pop),Direct linking,Ukraine,,,1,0,0,0,0.0001,-0.0001,0.0001,0,0,0,-1,0,0,0,0
Global - CPL SMARTLINK BADOO (INDEX),Direct linking,Uganda,,,1,0,0,0,0.0006,-0.0006,0.0006,0,0,0,-1,0,0,0,0
Global - CPL SMARTLINK BADOO (INDEX),Direct linking,Uzbekistan,,,1,0,0,0,0.0004,-0.0004,0.0004,0,0,0,-1,0,0,0,0
Global - CPL POP 4  BADOO (pop),Direct linking,Venezuela,,,1,0,0,0,0.0001,-0.0001,0.0001,0,0,0,-1,0,0,0,0
Global - BADOO Land variation,Direct linking,Yemen,,,1,0,0,0,0.0008,-0.0008,0.0008,0,0,0,-1,0,0,0,0
Global - CPL SMARTLINK BADOO (INDEX),Direct linking,Mayotte,,,1,0,0,0,0.0002,-0.0002,0.0002,0,0,0,-1,0,0,0,0